{
  "1": {
    "x": 10.866000000000001,
    "y": 0.5
  },
  "2": {
    "x": 10,
    "y": 1
  },
  "3": {
    "x": 9.133999999999999,
    "y": 0.5
  },
  "4": {
    "x": 8.267949192431123,
    "y": 1
  },
  "5": {
    "x": 7.401949192431124,
    "y": 0.5
  },
  "6": {
    "x": 7.401949192431124,
    "y": -0.5
  },
  "7": {
    "x": 6.401949192431124,
    "y": -1
  },
  "8": {
    "x": 5.401949192431124,
    "y": -0.5
  },
  "9": {
    "x": 4.401949192431124,
    "y": -0.5
  },
  "10": {
    "x": 3.5359491924311235,
    "y": 0
  },
  "11": {
    "x": 2.6699491924311234,
    "y": -0.5
  },
  "12": {
    "x": 1.8038983848622463,
    "y": 0
  },
  "13": {
    "x": 0.9378983848622463,
    "y": -0.5
  },
  "14": {
    "x": 0.9378983848622463,
    "y": -1.5
  },
  "15": {
    "x": 1.8038983848622463,
    "y": -2
  },
  "16": {
    "x": 2.6699491924311234,
    "y": -1.5
  },
  "17": {
    "x": 3.5359491924311235,
    "y": -2
  },
  "18": {
    "x": 4.401949192431124,
    "y": -1.5
  },
  "19": {
    "x": 5.267949192431123,
    "y": -2
  },
  "20": {
    "x": 0.9378983848622463,
    "y": -2
  },
  "21": {
    "x": 0.4378983848622463,
    "y": -1.134
  },
  "22": {
    "x": -0.5621016151377537,
    "y": -1.134
  },
  "23": {
    "x": -1.0621016151377538,
    "y": -2
  },
  "24": {
    "x": -2.062101615137754,
    "y": -1.5
  },
  "25": {
    "x": -3.062101615137754,
    "y": -2
  },
  "26": {
    "x": -3.0621016151377543,
    "y": -2
  },
  "27": {
    "x": -3.5621016151377543,
    "y": -2.866
  },
  "28": {
    "x": -4.562101615137754,
    "y": -2.866
  },
  "29": {
    "x": -5.062101615137754,
    "y": -2
  },
  "30": {
    "x": -4.562101615137754,
    "y": -1.134
  },
  "31": {
    "x": -3.5621016151377543,
    "y": -1.134
  },
  "32": {
    "x": -0.5621016151377537,
    "y": -2.866
  },
  "33": {
    "x": 0.4378983848622463,
    "y": -2.866
  },
  "34": {
    "x": 8.267949192431123,
    "y": -1
  },
  "35": {
    "x": 9.133999999999999,
    "y": -0.5
  },
  "36": {
    "x": 10,
    "y": -1
  },
  "37": {
    "x": 10.866000000000001,
    "y": -0.5
  },
  "38": {
    "x": 11.732,
    "y": -1
  },
  "39": {
    "x": 11.732,
    "y": 1
  },
  "40": {
    "x": 12.598,
    "y": 0.5
  },
  "41": {
    "x": 11.732,
    "y": 2
  },
  "42": {
    "x": 12.598,
    "y": 1.5
  }
}